Silhouette,NMI,ARI,Purity,Method
0.08254775,0.06408961377426768,0.04154649643849005,0.31032338308457713,CVAE
0.10202835,0.08894117836884638,0.05525459229522482,0.3407960199004975,PCA+KMeans
0.12579958,0.11226502576385505,0.06203444848211648,0.3504353233830846,Spectral
